,phase,S_score,G2M_score
Wildtype_GAATATTTATCT,G2M,0.16250639922859156,2.795791734393591
Wildtype_ATAATCGGCTGA,G2M,-0.601030202466388,3.0905672650788687
Wildtype_GTCTAACTATGA,G1,-0.9800675917041395,-0.8726234247991265
Wildtype_TTTCTGTCTTTN,G1,-0.9585841570713725,-0.8670674247683339
Wildtype_TGCCACATGCTT,G2M,-0.5178875827050025,3.1043311223314265
Wildtype_CTACCATGAACT,G2M,1.329379064279009,1.7941872054169261
Wildtype_GCAACACCCCGT,S,2.382276999303537,0.6563624087470985
Wildtype_CTTACTCTATCN,G1,-0.817853246881056,-0.8194311320609471
Wildtype_TACCAAGATGAC,G2M,0.9437692520969598,1.4950508746650177
Wildtype_GTTCCCTCTCCT,G1,-0.8447665807443072,-1.4210954682024162
Wildtype_TCGATGCCTGGT,G2M,0.6560621962436413,2.888703557672133
Wildtype_GCGTCAATTTCN,S,0.31074834542681073,-0.8243302449834768
Wildtype_GCACCCTGTTTC,G2M,0.5196099262089695,3.1054449542776856
Wildtype_CTAACGTTATTN,G1,-1.4541588491986888,-0.8134178834688537
Wildtype_CCCAACTCCTTN,G1,-0.8252329106293907,-1.3786131139557805
Wildtype_TGTCAACCATAT,G2M,-0.12791603265806728,2.4130800850553897
Wildtype_TTACTAGATTTC,G1,-1.1626841593897619,-0.7802735290579217
Wildtype_CATGATTCCAAT,G1,-1.250473959279615,-1.4909872078072874
Wildtype_GCTAACTTACTT,S,1.2113826308139537,0.6987236265460992
Wildtype_GACGACTTCCCC,G2M,-0.5564901437685472,3.4242871844888074
Wildtype_TCTTTCTAGATG,G2M,-0.042538343326065986,3.4833985993474315
Wildtype_CCCGCGTCCTTA,G1,-0.23381914715434227,-1.1534204568948834
Wildtype_TCTTATTCCGAN,G2M,0.3407938568351805,3.845066979521901
Wildtype_GTTGAGTGAGTT,S,0.9093924517964207,0.3391396441630681
Wildtype_CCGCCGCTGCTA,G1,-1.0038512533025226,-1.14178069492556
Wildtype_CCCACATGGAAC,G2M,1.1879769873803903,1.790760023813152
Wildtype_CACATACGTACT,G2M,0.8608424933381782,3.5189313209970727
Wildtype_TCAGATCCTTGA,G1,-0.6328199945494186,-1.2313158363706702
Wildtype_GGACAGAGTTTC,G2M,1.410199783680051,1.710869093004506
Wildtype_CATTTAGAGTGT,G2M,1.0586330159505208,2.391651576468678
Wildtype_CCTCCCGTAACG,G2M,0.024965493845385156,3.4635821969983693
Wildtype_GATCGTGCATAT,G2M,0.057155120613038735,3.2310503383690294
Wildtype_CTTACTCGAAAT,G2M,1.269161376953125,2.336804940500734
Wildtype_TTATTGCTGTCC,G2M,-0.0720328468500182,3.5300486200058034
Wildtype_ATTGAGGCCACT,G2M,1.4464955695100532,2.330586057225599
Wildtype_TATACTAACGTN,G2M,-0.10821407347686551,3.5595513535259173
Wildtype_CCTCATATGTTG,G2M,1.7137925093303357,1.7961493186555142
Wildtype_GTAGCGCAGCGT,G1,-1.2429302647317102,-1.47024976752069
Wildtype_CCTGAGTATCGC,G2M,0.47315570210301616,2.4791389824560706
Wildtype_CGTATACTATAN,S,2.2419221248183137,1.0268128095020872
Wildtype_ATCGGACCAGCG,G2M,1.1706178839631782,2.445294375162677
Wildtype_CCCTAGATCTCT,G1,-0.9370990049376968,-0.956796958724921
Wildtype_GTAGACTAACCA,S,3.093993083155433,2.0124406315610455
Wildtype_CGGACATGCCCA,G1,-0.7370896048139233,-0.7521762607333895
Wildtype_CGGAGCTGAAGC,G2M,0.39148344054702644,2.296570148951096
Wildtype_ACATTATAGGTT,S,2.59229615204094,1.9528198843927949
Wildtype_ACCAAGATCGGN,S,2.412612200596536,1.5019643417532178
Wildtype_CCGGCCAGGCAG,G2M,-0.35777949843295787,3.64230531248008
Wildtype_GTTCCGTTGATC,G2M,1.4582157767835515,1.705867047190727
Wildtype_CTCATCTTGGCN,G1,-0.6421541045432868,-0.7965655274806978
Wildtype_TAAATTTCCAGN,G1,-1.138031876438348,-0.6241514110938031
Wildtype_GTGCAAATTGTT,G2M,1.0336855298419327,2.8650444065776792
Wildtype_CGTAATAATCCN,G2M,1.1406123009023739,2.896650963730904
Wildtype_CATGCTCGTAAC,S,1.2338993610707367,0.4592755483847464
Wildtype_GTGCGAGAGGAC,G1,-0.8061350232501363,-1.137516242453137
Wildtype_TCTCTAAATGTT,S,1.114685657116794,-0.4827825250257627
Wildtype_GAATCTTGATTN,G2M,1.1361659465464509,1.5028682160819242
Wildtype_CGTCATCTAAAN,G1,-1.2214712772812955,-1.0824295482282107
Wildtype_CTCATTGAGATG,G1,-0.375385345932125,-0.9205302698685567
Wildtype_TGTCAGTCTCCC,G1,-0.7107162120730379,-0.5278060368407083
Wildtype_TAGCCGTCCATA,S,2.4633887806973718,1.4149385635451197
Wildtype_GCGTTTTCATGG,G1,-1.0625038442685621,-1.6100865008898706
Wildtype_TACCTGGCACTA,G1,-1.0990473985302356,-0.6299235329505599
Wildtype_CCGAGGCCCGTC,G1,-0.9462819789916045,-1.0499325482674686
Wildtype_ATGTCGCTCACT,G1,-1.0815851403761279,-1.4419290708924117
Wildtype_CGGGACTGCCGA,G1,-0.7438790136529494,-0.9891396287305001
Wildtype_CGAATAATATGN,S,0.6160588535042697,0.14206326445936646
Wildtype_ATAAAAGGTAGA,G1,-0.553478485817133,-1.340679721031468
Wildtype_AAACCAGATATC,G1,-0.6756775269027829,-0.6965336404243092
Wildtype_GTTCTCGTCCGN,S,0.4386402975866035,-0.7288621830166186
Wildtype_GAATCCCATTGA,G1,-0.40527312404425575,-1.1868540334434061
Wildtype_AATCCATTAAAC,G1,-0.12376409722853077,-0.7498503487065153
Wildtype_GTCTACGCGTGN,G1,-1.023233264656954,-1.3197936625256133
Wildtype_GTTCCGCGAGGG,S,0.872623518123183,-0.368945719193545
Wildtype_TGTCGTGAGACT,G2M,1.1838055277979653,1.5922957240572675
Wildtype_GACCCTAGTAAN,S,2.1526637114295664,0.21779204372968186
Wildtype_TGCTTCGTAACA,S,1.4812318858065348,-0.34673650424820446
Wildtype_TGCCGTCGACGG,G1,-1.1110195970165637,-0.4105545121756575
Wildtype_GGATCCCGCACC,S,2.569953270254209,0.6849615402779325
Wildtype_GCTCCGTTCAAN,S,0.03275721350381544,-0.21400311288634222
Wildtype_GCATGTTGGTTC,S,0.8793096214117007,-0.48854791439250267
Wildtype_CCAGTCAGTTCT,G1,-0.3360269886578702,-1.1436643947696639
Wildtype_TTATTTAGGTTA,S,0.16184881402540574,-0.5583084887151673
Wildtype_ATTTCCTATGGC,G1,-0.3720959851168847,-0.3121092401271408
Wildtype_GCAGACGAGCCT,G2M,0.40318610139595457,0.5324154607580569
Wildtype_TCATGTTGAATC,G2M,-0.7349538640458455,3.629742138032785
Wildtype_CACAGATTTCCG,G1,-1.2382830644947613,-0.9675353122045247
Wildtype_TCGAAACCCAGG,G1,-0.5619755814426628,-0.8850673044617436
Wildtype_GAGCGTTTAGTC,S,1.9432015896582788,-0.0814527787502457
Wildtype_CTGTGCTGTGCG,G2M,0.7786127560637719,3.1204366432045996
Wildtype_GCTAGACCCTGA,G1,-0.2589960237251696,-1.2517197009314691
Wildtype_CATCTCATACGC,G1,-0.38538392296133095,-1.004511526452427
Wildtype_TTAGCAATATAT,G2M,1.6486278823734253,1.7289554324256264
Wildtype_CGCGTCTGCCTC,G1,-0.1032997852887294,-0.06701015256485854
Wildtype_TTAGCCTCCTCA,G1,-0.4869895970544149,-1.1322789381702558
Wildtype_ATGCTCATAGAN,G2M,-0.8173764138628347,3.460738887264881
Wildtype_CTAATGATGATN,S,2.537874691985374,2.471917952855752
Wildtype_CGACTCTTAGTT,G2M,0.9097314382153889,1.5955525446400116
Wildtype_TTAGTAAAGCCC,G1,-0.8126917615787003,-0.6985176092910053
Wildtype_CCTGATCCGTCG,G1,-0.8322130093833273,-1.1300764645076051
Wildtype_CTTAGCGTCTAA,G1,-0.6586079873964767,-0.6060781644554987
Wildtype_TATTCCTTCGTT,G2M,1.2212511355377906,1.7120646381913125
Wildtype_AATCACTGGTTG,G1,-0.487917673273604,-0.8121895439463083
Wildtype_AGAGTTTGAAGA,G2M,0.3966683297563891,1.6624424793192183
Wildtype_CCGCCGCTATCN,G2M,-0.02099277230196206,1.4729329945825098
Wildtype_TATCGGACGGTG,G1,-0.12115354197893957,-0.8240571086390092
Wildtype_TATGTGTTCGAG,G2M,0.26672096429869185,3.9546400309784278
Wildtype_TCAAGACAGTCT,G1,-0.05370741378429322,-0.3830387274343181
Wildtype_CTACGATTATAA,G1,-0.664033124465351,-0.8869138394410404
Wildtype_TAGGTACCCATN,G2M,0.577131444650103,3.128291827352116
Wildtype_CTGGGCAGGATN,G2M,-0.5896283556324567,1.0637829536932093
Wildtype_GCTGCGGCACGC,G2M,0.5965801694411639,2.3115581361367634
Wildtype_AGTGCTTATCGN,G2M,-0.09786146770151993,2.925957990507275
Wildtype_CGACAAAGAGCA,S,1.9584717293672784,1.2462374731125765
Wildtype_ATATAAACTTGT,G2M,-0.3201390560652859,3.9364669880209657
Wildtype_AGTGGCTCTGCG,S,2.5015626230165937,1.264611103136321
Wildtype_CCAATGGACGTT,G1,-0.2539944008524102,-0.7780577024634592
Wildtype_GTTCTCACGAAT,G1,-0.8067784467593645,-0.7994001855093182
Wildtype_GCCCGGCCTAAN,S,1.195032282393108,-0.34319175526983536
Wildtype_CAAGAGCACTCN,G2M,0.48180716581122796,3.3960474211728315
Wildtype_TAACCTCGGAGA,G2M,-0.16354489940081463,3.2895933823988344
Wildtype_TTTGCGCCAATA,G1,-1.0079042612120164,-0.5502072907661311
Wildtype_CTTCCTTAAAAT,G1,-0.383707591212073,-0.8939435905367059
Wildtype_ACGCGGCAGGAN,S,2.2936263872486675,1.9790382075305697
Wildtype_CGATATCATGCT,G1,-0.4633889723193738,-1.4023146070227135
Wildtype_CCCCACGATGCN,G1,-0.4970144747948463,-1.0407426261221007
Wildtype_CATCATGGGAGG,S,2.5545471735518106,0.6744646216662746
Wildtype_CCGGCTCATGCN,G1,-0.2721515602289244,-1.1395282137785034
Wildtype_GCGGATTAAGAC,G1,-0.23356820986252425,-0.6830289265867522
Wildtype_CCTGTTCGGCTG,G1,-0.6130079000310381,-0.891312187463273
Wildtype_AGAGGCCGTTAG,G2M,1.1800777843386627,2.0556449556845138
Wildtype_CATCTGGTCACC,G2M,0.17328911123349688,2.004499046822379
Wildtype_GCGCGAAGTATG,G1,-1.0099849156815877,-1.4513713104595605
Wildtype_TAGAAGATTGTC,G1,-0.26311085072598706,-0.9282183226812823
Wildtype_TGTACTAGGTCN,G2M,-0.04821912188862654,2.386366539902779
Wildtype_GGCACCAAATTG,S,1.6361162383796632,-0.5291191691142978
Wildtype_CGTTTGGACCAA,G2M,0.8432212202678355,2.6344988656777537
Wildtype_GTCCAGATGAAN,G1,-0.8619482084762219,-0.8350734917541638
Wildtype_TTTGCTGATTCA,G1,-0.8376738744927932,-0.9064613152944411
Wildtype_CAGATGTTACTN,S,2.0842811738243396,0.981301427539992
Wildtype_TTGAATCAGTTC,S,0.11767138458961668,-0.5117148940627638
Wildtype_GGTTACTTGCTG,G1,-0.6756261793033097,-0.667072348405811
Wildtype_TCACTCACCAAC,G1,-0.6466337005851804,-0.7761857552328181
Wildtype_TTACGTGGACCN,G1,-0.2419395789804385,-0.9772949734898058
Wildtype_TTTCTTGGCCCN,G1,-0.4368857296492703,-0.8588416079284991
Wildtype_ATCTCTTGCAGT,G1,-0.6187428011635476,-0.5017994653888853
Wildtype_GCCAACCTACCG,S,2.58027357707652,1.8440440114209506
Wildtype_TCTGCTGGAGAT,G2M,-0.31096251731695146,3.375424644085049
Wildtype_CTCGATTTGTTC,G1,-0.5605386175111283,-0.8779914498025212
Wildtype_ACGAGCAGTTCN,G1,-0.4028242599132449,-0.4409376495532513
Wildtype_CGGACCGCCGTT,G1,-0.16491214959196343,-0.7572151481061693
Wildtype_TTATACGTTCGC,S,0.28612807162972387,-0.13630639283243307
Wildtype_TTTTAATAGTCG,G1,-0.7197858121413594,-1.1220732153789255
Wildtype_TTAATTGAAGTC,G2M,-0.6903726379631103,2.099450638981958
Wildtype_CGCGACGATGGT,G1,-0.34649798844211777,-0.2916369463946369
Wildtype_TTAGCGCACAGG,G1,-0.3133499819733375,-0.8857877688202834
Wildtype_AACCGTCTCCGN,G2M,1.9760363154448282,1.9865946830504404
Wildtype_CTGCATCCGTTA,G1,-0.8855126397184623,-1.0195038963575944
Wildtype_CTAATCGAAGCT,G2M,0.3507339477539062,0.7625180262763869
Wildtype_AGACTACTATAN,G1,-0.6918456132282583,-0.9553204085943185
Wildtype_AGAACTAAAGAC,G1,-0.3744512702882752,-0.6917483081911648
Wildtype_GTTAGTTAAGGT,G1,-0.4767146957752316,-0.9456069415875606
Wildtype_ATACCTTAGTCT,G1,-0.4813538650394409,-0.6853601637572309
Wildtype_TTAGATTAGTCC,G1,-1.0701386970697448,-0.8320307468204864
Wildtype_CTGCTAACGTCT,G2M,-0.7584213540720386,3.1437032966412755
Wildtype_GGCCGAAAGAAA,G1,-0.4314080361063166,-0.9025333406486298
Wildtype_TGTGATCGGAGT,G1,-0.6055678623406463,-0.6647432375578335
Wildtype_TAGCGATCACCT,G2M,0.4088571687447009,4.1566060186992715
Wildtype_TACGCAGATTGN,G1,-0.9862326451974323,-0.922353729398482
Wildtype_AATCAGCGGGCT,S,1.7448376819699312,1.2124420155640787
Wildtype_AACGATGCCGCT,S,2.494935390265413,0.007524372407536228
Wildtype_ATCGACTCTCAG,G1,-0.7892959133414335,-0.9997852056342161
Wildtype_TCCTGCTGCGAN,S,1.0659035426886505,-0.302130873422527
Wildtype_CTACACTGCAAT,G1,-0.8274965981180353,-0.37030598732680664
Wildtype_GAGTTCTACTAC,G1,-0.18397656344628155,-0.2621913753641154
Wildtype_GCCTCTGTAGGA,G1,-0.5463255901484526,-0.8621098364208011
Wildtype_CGCGCGTTCCAG,G1,-0.6041359982749288,-0.3468833328083667
Wildtype_ATTAATTGCGAN,G1,-0.8325750294766685,-0.8643984559723943
Wildtype_CCTGCCGTCAGN,G1,-0.3155071335430294,-0.8562345602997465
Wildtype_TAGATCAAGCTN,G2M,2.449272588685502,2.66845576552009
Wildtype_TACTGTTGGGCN,G1,-0.3617131361850473,-0.5297870518621004
Wildtype_TGGAGGCCAAAG,G2M,-0.44452739745147474,3.98034068925758
Wildtype_TTACCCCTATAN,G1,-0.719306622290796,-0.5142218841858792
Wildtype_TTCGCACAGCTN,G1,-0.31790987236555246,-0.9212200571358781
Wildtype_TCGCATGTTGCC,G1,-0.3615173115101895,-1.0096232120994402
Wildtype_TTACTTGCTTCA,G1,-0.3186253534361373,-0.47017896834753947
Wildtype_GCACTTCTAAGA,S,1.0098557725063588,-0.19492110959652353
Wildtype_TATCTGGAGGTN,G1,-0.6706497582723928,-1.2015030387062697
Wildtype_GGCGACTACTGG,S,2.4314772920830308,1.068859065456413
Wildtype_TGTCGTTCTGGT,G1,-0.4065924817462301,-0.9172807927239455
Wildtype_TACTTCTTATTN,G2M,2.0238176780523256,2.44284918157904
Wildtype_CAGGCGCTGAAC,G2M,0.43291670688363015,1.2417312982595838
Wildtype_CTAATCGTACGC,S,0.4739724968015686,0.01500162672230565
Wildtype_TTATTCCTGCCC,G1,-0.4981951845154282,-0.8881025433317447
Wildtype_CGGCCTAAAACG,G1,-0.339143004897953,-0.7272436697994105
Wildtype_CCGGCTAACTAT,S,0.2195179500136264,-0.8268057461845091
Wildtype_AACGCGTAAAAT,G1,-0.7637673564289891,-0.5146392721110982
Wildtype_AACCATCGTCCA,G1,-0.8315788588412971,-0.5809382722508678
Wildtype_AGTACTGGCTGA,G1,-0.32035640391268483,-0.6580254551668505
Wildtype_TAGGAATGTGCG,G2M,-0.22881442994110324,3.0552452423287635
Wildtype_CTAGCTTAGAGA,G1,-0.4766539581062258,-0.7308546832400926
Wildtype_CGATCCTTATGT,G1,-0.19803970573484442,-0.5178847107213713
Wildtype_GAGTTTGGCCCN,G1,-0.6981615986195646,-0.4174197147517875
Wildtype_ATACGAACAATN,G1,-0.16792712780856356,-0.7834163276066732
Wildtype_TTTAGTGGCAGG,S,0.7472482252490613,0.21290538475948328
Wildtype_TCGACCTTCGGT,G1,-0.5131543642975563,-0.8216175467753601
Wildtype_CTTATTTCACAG,G1,-0.557233868975972,-0.5468239804504074
Wildtype_CCGTAGCCTGGT,G1,-0.5822211663297905,-0.8495608166207186
Wildtype_GGGTTTCCGACA,G1,-0.5423813836149467,-0.8759223890004668
Wildtype_TTGCCGCAGCCA,G1,-0.4671375185944312,-0.44822506227806147
Wildtype_GGGACTAAATGC,G1,-0.3329122428006903,-0.8212769716669056
Wildtype_CGTCGTCGGTTG,S,2.4222304942996002,1.7541022607264178
Wildtype_TACCAGTGGAAN,G1,-0.7787237536999607,-1.0705309487718435
Wildtype_CGCTATCTTCTA,S,0.29156164243239757,-0.4398141319200981
Wildtype_ACCAGCCGAATN,S,1.395678762982982,-0.3467194386815693
Wildtype_TATAAGCCTAAN,G1,-0.40259918331175815,-0.3477922853595967
Wildtype_TTTGCGGGCCGT,G1,-0.5728199522624644,-0.40308914015979236
Wildtype_TCGCAGTGATGT,S,0.9351484124235405,0.05042948653943968
Wildtype_ATGGTCACACCG,G1,-0.5949889462493186,-0.6644972585120128
Wildtype_CAAACAAAGAGA,G1,-0.6218869243296542,-0.5753865247353918
Wildtype_ACCCACCAAGCA,G1,-0.7726430059033771,-0.9598491640170376
Wildtype_GCCGACTATGCA,S,0.3061808623084725,-1.1256989456532094
Wildtype_GCTGATTTCTCT,S,2.5795786823597986,1.5032564470886716
Wildtype_GTACTGCGCATG,G2M,1.536389124670694,1.9137448609290675
Wildtype_CGTCTGACACCA,G1,-0.190270758931951,-0.45157882986112496
Wildtype_AAGAAGCAACTA,G1,-0.5429794098610101,-0.8887721061544437
Wildtype_GCGTCGTTAGTC,G2M,-0.36832767693571344,2.8125971836762504
Wildtype_GAGATAATTCGN,G2M,1.1048844850525377,1.8097334391483537
Wildtype_GATCATTTCCCT,G2M,0.3255007153888081,3.1536378052857543
Wildtype_GTGCCAGGTGTT,G1,-0.5957705422334894,-1.2070758597169546
Wildtype_ATAGTTTTTAAA,G2M,0.3477598299721414,1.7485891634927968
Wildtype_TCAAAACTGAAC,G1,-0.842168820403343,-0.618053668286552
Wildtype_CTTATCGCGAGG,S,0.2563566293642503,-0.34752284751423934
Wildtype_ACATGCTACTAT,G1,-0.6656205110771712,-1.0098207822932934
Wildtype_AATGTATATCGN,G1,-0.260525112891382,-0.7491268341463884
Wildtype_GGCCTAATAGCA,S,0.30831351819888564,-0.5972611351603252
Wildtype_GTACGAGGCTCC,S,2.254525875121124,-0.2170220480916778
Wildtype_ATAAGGATAGGT,S,2.532671222538911,0.9281844099382952
Wildtype_CTCGTGCAGCCT,G1,-0.4475034905958546,-0.9393319875148818
Wildtype_CGCGCATCGCCT,G1,-0.2818872649909915,-0.637929743316614
Wildtype_CGCGGACATTTG,G1,-0.23336760824040848,-0.4831583015614376
Wildtype_CGACCTATTTTC,G1,-0.4552447699021923,-0.7626625618682555
Wildtype_TCGTGCATTTGA,S,0.6518701077246851,-0.390984303112766
Wildtype_CCTGTAATCGTC,G1,-0.5582431059844734,-0.44203782082414533
Wildtype_GCCACCAGATAA,G2M,-0.07989805946054385,0.212898432582328
Wildtype_CACTCCTAACGT,G1,-0.573560712651689,-0.8464231176925885
Wildtype_CAGACGCACCCG,G1,-0.04931900734125172,-0.6641966171822296
Wildtype_GCTTTACATTTC,G1,-0.6143500725797906,-0.7930846570118864
Wildtype_CCGCCGCTATTC,G2M,0.5938187094991523,1.4016262398758206
Wildtype_TCTATCGCCCGA,S,2.859828592936198,1.623101499545499
Wildtype_TCACTTACCGGG,G1,-0.8778419609956962,-0.0580668453130313
Wildtype_CAATCTGAGTGT,S,1.8777788313045058,1.18943651333241
Wildtype_ATAGCCACGATT,G1,-0.38564319935879954,-0.9118944100978604
Wildtype_ACATTCTTCACC,G2M,-0.09032879615014844,2.2059278234948354
Wildtype_CGTAGGCGTGCG,S,0.1907176480552022,-0.8310296653424643
Wildtype_CTACGACCCCAT,G1,-0.9503978853447493,-0.868277749426811
Wildtype_CCAGCCTTCGGC,G1,-0.8309132036312606,-0.5309737384957601
Wildtype_CGGGTATCCGGA,S,2.0085258377430053,0.27603071524986267
Wildtype_ACCCAGATGCTT,S,1.6918119208757267,0.09779109744095127
Wildtype_ACTGGAGATGAA,G2M,-0.15558554479318087,2.8491538969043484
Wildtype_TGGGACCCAATC,G2M,-0.4999473329292712,1.2534180154367591
Wildtype_CGCTGTTCAGTA,G1,-0.5306079574703246,-0.8106461424619268
Wildtype_TGTATCCACACG,G1,-0.13507203094718978,-0.7193001895783286
Wildtype_CCTTCCTGATAA,G1,-0.8223087192505828,-1.0469063026937888
Wildtype_ATCCATTGTAGT,G1,-0.3371082098909126,-0.6317712762091164
Wildtype_GCTGTCCGCTAT,G2M,0.1533238823469294,2.585876845081465
Wildtype_TACATAGCCCCA,G2M,-0.4964014890212421,0.14740758724365044
Wildtype_TTCCAGCTGCTT,G1,-0.9830887952701064,-1.0655052775127354
Wildtype_GTTCGTCTTGGC,G1,-0.37523530945297356,-0.20290777247596026
Wildtype_GGACACGACGCN,G1,-0.4071097251241522,-0.5312339468876075
Wildtype_CGCCACAGGGCG,G1,-0.2367564403918363,-0.08303023096292406
Wildtype_GATACTGCTGAT,G1,-0.42440271895061166,-0.5424771847255616
Wildtype_CAGCCCAACTAC,G1,-0.22470893564150307,-0.5170122054853996
Wildtype_TCGCGTCCGGTA,G1,-0.5382332185257314,-1.0141736185066397
Wildtype_TTAGCGGTACCG,G1,-0.35562315829964575,-0.7727052595549327
Wildtype_AGCGCTTCCAAA,G1,-0.47888986868451733,-1.040140925875412
Wildtype_CCGACGACACCC,G1,-0.07605748849321703,-0.6306832699513893
Wildtype_TAGAATCCTCGA,G1,-0.6012031401405039,-0.5789360916576032
Wildtype_TGATATCTTTAG,G1,-0.8957525865421738,-0.7887812964429504
Wildtype_TATCCCTCTAGA,S,0.790079776261204,-0.23911477282970073
Wildtype_TCGGACGGCATN,S,0.6219055577950885,-0.3432031997506886
Wildtype_GAATATTGTCCC,S,0.09375668666159465,-0.07716206225249778
Wildtype_CGCCTACAGACG,G1,-0.8875956868016442,-0.7103964608967476
Wildtype_TACCGGCATAAA,S,1.8038827680247698,0.042625604915148774
Wildtype_CATGATTTCAAA,G2M,0.16952038905417277,1.618608747654457
Wildtype_CTGAACAGCACT,G1,-0.8896178832534672,-0.4712493805704565
Wildtype_TAGGGTGTCGCA,G2M,0.7016657322136932,2.389686064434035
Wildtype_GTCCCCACGTGC,G1,-0.37434528202973605,-0.46152923547672464
Wildtype_TGCAGAGTTCCA,G1,-0.5231181453734406,-0.1445207823098933
Wildtype_GCGGGTCCACGC,G1,-0.6384123017067134,-1.1822697601370233
Wildtype_GCCCTATCTAGC,G1,-0.44828033447265625,-0.39942868193983516
Wildtype_CGTGATATGGCA,G1,-0.8203748759188394,-0.6092410524463281
Wildtype_TCGGCCCTCACC,G1,-0.46703316976857734,-0.8284770110300684
Wildtype_TCGACGTGTGAG,G1,-0.5225591065162836,-0.5996312507293509
Wildtype_GCTATGTTACTT,G1,-1.019575608719227,-0.8140299189968132
Wildtype_TTCGATTGGGCG,S,0.14443606827610211,0.01587382019447592
Wildtype_ATACATGAAAGT,G1,-0.43697126521620644,-1.0945616004135907
Wildtype_GACCCGCAAGGC,G1,-0.3951708321977955,-0.9856534442710326
Wildtype_TGCACGCTGGTT,G2M,0.3475522986123727,2.369107077969958
Wildtype_CGTGGGTGCAGA,G1,-0.44641705416893784,-0.9216556705343223
Wildtype_TCAGTTTGGTAC,G1,-0.9591363741261091,-0.6758235939826039
Wildtype_GGTCACGCTAGC,G2M,0.27679654380147767,3.6445628060991413
Wildtype_CTGCCCCTCGCN,G1,-0.3544284814642382,-0.34057005227838033
Wildtype_CCATTATGGTCC,G1,-0.44761727266533435,-0.895761263891282
Wildtype_ATCGCTCATCCG,G1,-0.8724914068769115,-0.22163692593027418
Wildtype_TGATTATCAGTN,S,1.4289880465721898,0.12560044177916319
Wildtype_CACAGATAGAAC,S,1.6635166067670482,-0.09508963064050735
Wildtype_CCAAGGTCTGCA,G1,-0.44167314692061077,-1.2534519749313477
Wildtype_ACAGCCCCGCAC,G1,-0.49920965268630385,-0.17622027023499576
Wildtype_GTAGTGCGCGGA,S,1.5206092373160427,-0.36979916053991146
Wildtype_GGGCAAACTTGC,G2M,0.2864693090157916,2.4616108568999793
Wildtype_ACCAGGTCGCCA,G1,-0.420021796411322,-0.7974127168216087
Wildtype_TTATTGTGGAAT,G1,-0.4541744249920512,-0.9733887739374425
Wildtype_CATTCACTCGGG,G1,-0.5270475414187409,-0.319470056886882
Wildtype_CTTCTAAGTCTG,G1,-0.7220899224096491,-0.6570469071827392
Wildtype_GCGAGACCCGGC,G1,-0.12338578098504127,-0.7511992818134368
Wildtype_AACCGCTCTCGG,G1,-0.08927340367043668,-0.3318846228413288
Wildtype_ACCGCAGTTCCT,G1,-0.36073332202526953,-0.1778311172270075
Wildtype_ATATAGTCAATT,S,0.20196625583855665,-0.42503549153355347
Wildtype_CACACTTCTAAG,S,1.588555092035338,0.48380897544019175
Wildtype_TTAGAAACGGAA,G1,-0.9327095247608745,-1.1977671800088503
Wildtype_AGCCCGGCGTTG,G2M,-0.39869913027268045,1.7794740310194297
Wildtype_AGTCTTTCTATC,G1,-0.42133295340131416,-0.519307492813974
Wildtype_GACCCAACTCCN,G2M,1.9572673566951309,2.102078092485266
Wildtype_GAAAGTGGGGTT,G2M,0.3980278807647468,4.035509489280886
Wildtype_GCTCTGAGGTCT,G1,-0.6393400573730468,-1.0321581223050327
Wildtype_TACTGCCCACTN,S,0.2953844658903373,-0.9100136567069909
Wildtype_GCTCTCCTCCCT,G1,-0.8851670396790023,-0.614178493252705
Wildtype_ACAAGGTCCCGA,S,0.31097024843674315,-0.1219893005983208
Wildtype_CATGTAAAAAAN,S,1.9639654564672662,0.006012247161113038
Wildtype_CAGCGGAACAGG,S,2.638001860389414,0.3680808975606189
Wildtype_AGTGTCCGCATT,G1,-0.2781494613765747,-0.7663412839483287
Wildtype_ACATAAGATAGN,G1,-0.44128790034804244,-0.48927216608467994
Wildtype_ATACATGTGCGA,S,1.3692364738523497,-0.2205461420697581
Wildtype_GGTGTGTCGATG,G1,-0.5342971795843554,-0.6192490626491901
Wildtype_TCGCATGAGCAN,S,2.2025668642502425,1.5751834753316298
Wildtype_TTAAAAGGAGGT,G1,-0.30129643166712095,-0.33049141823708483
Wildtype_TAACATCACTGT,G1,-0.5131737039255542,-0.6053628508136443
Wildtype_TCGACTATCACC,G2M,0.267547607421875,3.852151189943813
Wildtype_GGTCACGGGCTG,G1,-0.4815672822700915,-0.7533124827414615
Wildtype_TATCCACGTGGA,G1,-0.6167188759737237,-0.5867640833617188
Wildtype_CTCCGGAAGAAT,G1,-0.05063116738962581,-0.4965279008060334
Wildtype_GAAGCTTACGCG,G1,-0.785538023719492,-0.769945463614664
Wildtype_GACATCCCTATG,G1,-0.6721819465104923,-0.7106532415726873
Wildtype_TGAAGAATAGAT,G1,-0.6560594561672949,-0.8962663969863095
Wildtype_GATCAGGATGAG,S,1.1746092992974808,-0.25992563945712543
Wildtype_AGGCTTATCCTA,G1,-0.6189911237613176,-0.5374867784395402
Wildtype_GTCGCAGGGGGC,G2M,-0.12885829363682488,3.314931273148332
Wildtype_GGTAGAGTTGTA,S,1.1211529280788213,0.5511949618616903
Wildtype_CAGTGCCTGAAT,S,1.7064234865173813,0.9680262520060781
Wildtype_TTACTGGCGCCT,G1,-0.3037569350604862,-0.842180577780182
Wildtype_ACTATCTAATTA,G2M,-0.1268552487395529,4.620578650838154
Wildtype_ACTCTCTTTTAA,G2M,-0.2712417259512022,3.806787700740614
Wildtype_GCATTAAAGGCA,G1,-0.3889595433907914,-0.4885455913371868
Wildtype_TTACGTAACTAT,G2M,-0.6783267383427585,0.010980861105522433
Wildtype_ATACGGCAGAGG,G1,-0.6679764763883842,-1.1527742447789056
Wildtype_GGTAATGGTAGT,G1,-0.43701719180558074,-0.673188523534567
Wildtype_GTGTGCCTACGT,G1,-0.5831276223825854,-0.3899357370509191
Wildtype_GTTGTGTCGGTT,G1,-0.6855385891226835,-0.5258422926780055
Wildtype_TATATTCTCGTC,G1,-0.9663672657160797,-0.4160983399308986
Wildtype_CCGGAAAGCCGG,S,1.2064593647801598,1.0978565538332774
Wildtype_TCATCCAGGAGT,G1,-0.49168777110964745,-0.46304760352093677
Wildtype_TTCGGACGATTG,S,1.241546316220779,0.06082856656336655
Wildtype_CCGTCTCGAATG,S,2.5142183691216995,1.1184463742191482
Wildtype_GCACGCCTATGA,G2M,-0.5932206927159036,0.04169861000653685
Wildtype_GACGAATCCTTC,G1,-0.2862801780996397,-0.45009513633218357
Wildtype_CAAACGGCCCGG,G1,-0.6201341768013415,-0.843288504888913
Wildtype_TGTAAGTGATAC,G2M,-0.08152653538903532,2.8689186014489576
Wildtype_GGCTAAAGTAGT,S,2.4932729463799057,0.9089629992080266
Wildtype_TCTCCTACCGTC,G1,-0.5418126116612161,-0.4771363685837453
Wildtype_CCCCTATTGTTG,G1,-0.5441147190655848,-0.5019256006915533
Wildtype_CAGACGAGTATT,G1,-0.4091471797736116,-0.947904989789502
Wildtype_TTAGAATGGGTT,S,0.42901536690172304,-0.533644235504944
Wildtype_GAAACGTTCGTG,S,2.1882923759046453,1.5443100154551845
Wildtype_GCTCAAAATCCA,G1,-0.609583503072576,-1.2908057442859142
Wildtype_CGTAACTGCAAG,G1,-0.7904399570198946,-0.8828184205294668
Wildtype_ACACCCTTTGTG,G2M,-0.9586359825429991,1.6646669628059663
Wildtype_TCAGCTGGAAGT,G1,-0.1980948585687683,-0.41287452442273587
Wildtype_CAAGTTCCGTCA,S,2.908743702496669,0.45940472416259315
Wildtype_TGGGCGAGGTCT,G1,-0.33114866034929147,-0.9415096340020579
Wildtype_AGGAAGTTGCGT,G2M,0.1506810518013415,2.9598583682467288
Wildtype_TACTTCCAGGCC,G1,-0.26822074121283,-0.38045793475290957
Wildtype_AGCGATTTGGGC,G1,-0.527254206930944,-0.8422807680837116
Wildtype_TTTGAAGTCCAT,G2M,0.36700695185698295,3.0812313242589218
Wildtype_CTGACAGACAGT,G1,-0.9211435230757838,-0.903678641545414
Wildtype_AGCGATCCCGCG,G1,-0.6285397043154222,-1.1186191523822822
Wildtype_AGTCCTTGAACN,G1,-0.8439699152273726,-0.9581217529618495
Wildtype_CAATGAACCCAG,G2M,0.5868497058957121,2.861016130358229
Wildtype_TTTAATCATGTG,G1,-0.5233968418328337,-0.8971740342677905
Wildtype_AATGGTGCCGCA,G1,-0.7107832105769667,-1.334653051487548
Wildtype_CTCTCCCGACCA,G1,-0.3099981340511825,-0.8315314635763601
Wildtype_TGTGCCTTGCTC,G1,-0.5360279266593992,-0.8795497211493258
Wildtype_CCGCAGACTTAC,G2M,-0.39595571414444786,0.11895044959971401
Wildtype_GACGGCTCAACT,S,0.9290857359420421,-0.4479424568213879
Wildtype_GGGCCGGCTGTA,G2M,-0.5899230951116992,0.013993918966643148
Wildtype_GCAATCTGATAA,G1,-0.7243143951061161,-0.6720473654392157
Wildtype_GTCTCTTTATAT,G1,-0.5039323437121487,-1.1627748433939356
Wildtype_GAGGCATTCCCT,G2M,1.9438887674494305,2.422124857159267
Wildtype_CTAGCGCAAATA,G2M,1.5127044228250666,1.8059079951095518
Wildtype_TCTCTTTAATCC,G2M,-0.011718812691148717,2.2309247764056988
Wildtype_GCGACAATACAC,G1,-0.5286029029077338,-0.5304671827514378
Wildtype_AACGTAATCCAT,G2M,1.1497791899451915,2.2974392712126375
Wildtype_CCTAGGATAGCC,S,0.012212947875030244,-0.26626600116040455
Wildtype_AAGACAAAACTC,S,1.9082922315967177,-0.3123086154126562
Wildtype_CTCGCCACAGGC,G1,-0.5187639422749364,-1.0448846624109507
Wildtype_TATCCACCTGAA,G1,-0.3299367328022801,-0.35904571751074665
Wildtype_TTAACTAGCACT,G1,-0.6579098114486813,-0.47883565884229795
Wildtype_ACTGGGATGGGC,G1,-0.1574749046148255,-0.9504908511615541
Wildtype_GCGCGGGGGATC,G1,-0.37335817322250475,-0.7764231122717371
Wildtype_AGGGCACGACAA,G2M,1.2115719912033673,1.7841663392368636
Wildtype_CGCAGCCCTATG,G2M,-0.44399430563283515,0.17990208479410996
Wildtype_GGGGATGCGGGA,S,0.7755402131782945,0.0018943022773842966
Metformin_TTTCTTCATTCC,G1,-0.5853213122463965,-0.8097463879803299
Metformin_TTCTTGGCTTTG,G1,-0.9333108603307444,-1.0446860041562422
Metformin_TGATCCCCATCT,S,0.9661006578548936,-1.189816876842156
Metformin_CTTGTTACCGGC,S,2.059222733845082,-0.09072711535422506
Metformin_CAGGCCCATACG,S,2.0233876285996546,1.5343165663337093
Metformin_TCCCACTTACCG,G2M,1.270619615658309,2.0621176204003793
Metformin_GACAAAGCATCA,G1,-0.7505448937231256,-0.7325159431132007
Metformin_CGACTTAATAAN,G2M,1.6123204998637353,2.195645335092242
Metformin_GTGTAGGTTGAC,S,0.3893824921837148,0.22080316434967573
Metformin_CGTTCCCTCGTC,G1,-1.2041449530549753,-0.7498861574506592
Metformin_TTCCCGTTCTAG,G1,-1.233564479147741,-1.5960736046634967
Metformin_AGCCCGTATGCG,G2M,-0.6295589772305747,2.211991370585466
Metformin_GTCATTCTTAGC,G1,-1.0423847671627076,-0.3932496263606806
Metformin_CTACTAAGCCGC,G1,-0.8241778221426083,-1.1912675394891132
Metformin_CTACTTATATCG,G1,-0.6335173921806867,-0.37240159681373
Metformin_CCGCCCACTCAA,G1,-0.9458574989969415,-0.7590453318262433
Metformin_GATTAATCGTTT,G1,-0.40410023770591086,-0.8455747830995428
Metformin_CGAGAACCTCAC,G1,-1.1763793129144713,-0.9169719244091157
Metformin_GTGTTACCGCTA,S,1.7166063081016836,1.0651410881118997
Metformin_AGCACAGGCGTT,G2M,0.1095498302371003,2.6904575989194903
Metformin_GCATCTGTCCCG,G1,-1.2981075641720796,-1.0448888354290915
Metformin_CCTCGTCCTGGN,G1,-0.72897513574408,-1.1855774071028948
Metformin_ACGTTCATGTCG,G2M,0.47551823105922963,2.2060971859379643
Metformin_CATCAAAAACCN,S,1.4936042584559717,0.04159326548481501
Metformin_TGTCCCGGCGAT,S,2.122268858917,1.2890928583244028
Metformin_TTTACCGTATGA,S,2.3840743190558378,1.4556543724038011
Metformin_CTGACCAGCCCN,G1,-0.9482809489642003,-0.41360875450184853
Metformin_GGTATTGATTAG,G1,-0.7661733310906463,-0.7679222693111791
Metformin_TCCGATGGCATG,G2M,-0.15316313159558193,0.03746847943466958
Metformin_ACCCGCGCTGGA,G1,-0.829843881296557,-1.4562089411352799
Metformin_TAGACTACATAN,S,2.2286903511461365,0.3165740837111435
Metformin_TTAACAGCCTAG,G1,-0.9385059315289639,-0.9946576909712539
Metformin_GTAGCACACGTT,S,1.3991188960112344,1.2244484830911762
Metformin_CGAGATGCATAG,G1,-0.6191754659016928,-0.5555177327100462
Metformin_GTGGCTTATTTC,G1,-0.2936792666413063,-0.8141914957744542
Metformin_CGCGCGGCCTGT,G1,-1.0177157178775285,-1.4928681714182581
Metformin_TCCTCCGATATA,G2M,0.01772293682246251,1.4476499633685314
Metformin_TTTAAGAGCCGC,G2M,1.7605943830623183,1.8882144723723941
Metformin_CACCTCTCTCTT,S,2.2242115346036213,1.6635060197699545
Metformin_CGAGCTACCCCT,G2M,-0.13394125768380571,0.6827352894379861
Metformin_CGCGCTATTGTA,G1,-0.41792363129844956,-1.064993471582994
Metformin_AACACAGGATGN,G2M,0.6835832036927691,3.195677887175575
Metformin_AGCGAAGGTTGT,G1,-1.0626179078567861,-1.2258270951004717
Metformin_CCCGTGCCCGGT,S,1.347584228515625,0.06251785950090905
Metformin_GTGATCCTTTAG,G2M,0.8947996722080909,1.6967413897581616
Metformin_CTATCGTGGCAT,G2M,1.5116866615945979,2.243957126843733
Metformin_GCTTCTTCTACC,G2M,0.0820455435819405,4.084935749474784
Metformin_CTTCCCGCGCGC,S,2.326393702307413,1.1152155633485787
Metformin_GGCCAAAACCGC,G1,-1.0601034593212513,-0.6891360347578563
Metformin_TCCCTATGGACT,S,1.7044365579767744,0.5652005851988116
Metformin_GTACATCAAGTN,G2M,1.2949070278433865,2.702351853265135
Metformin_ATTGGGCTACTG,G2M,1.5994908295860586,2.6096072635135137
Metformin_ATATTTCGCCTN,G1,-0.18072148167809776,-0.38871322157187227
Metformin_TATCAATAAATN,G1,-0.05486069080441491,-1.1283892529565582
Metformin_GCAACAGTAAAC,G1,-0.5966858194040698,-0.4739584949213935
Metformin_CCCTCAGTACGG,G2M,0.06310585317685624,3.253335262637711
Metformin_GTACTTGTTCAC,G2M,1.7209746817655343,2.6344977866948796
Metformin_CTCCCTCAGTGT,S,0.9929756957061533,-1.1128949806152426
Metformin_TAGCTCTGATCG,S,2.1948086808078973,1.5149918642616307
Metformin_GATATGCCACTC,G1,-0.625844119168067,-0.9027979491378263
Metformin_TGCAGTCGGTAN,G2M,1.2944199460051782,2.4830667592018982
Metformin_CCAAGGCCATCN,G1,-0.3216060762627181,-0.5791090179863541
Metformin_CGTAGCCTGGTN,G1,-0.44754313624182407,-1.0747292247086828
Metformin_CTGAATCGCGTN,S,2.3401433427204457,0.43058619884210203
Metformin_ATGTGCCCCTGC,G1,-0.5967561748415925,-0.941102568584094
Metformin_TTTAGCGATTAG,G1,-0.28984233530916914,-0.727305310586673
Metformin_CGTCATTGTACT,G1,-0.38003499822099074,-0.5254820929200961
Metformin_CCGTGCAATCTG,G1,-0.6684277391064075,-0.9861792440380386
Metformin_AGTTCTTATGGC,G1,-0.8342145993728047,-0.9009076424688987
Metformin_CGCGAATCGACT,G1,-1.254015499676845,-1.1318038267362247
Metformin_ATATGAGACTCN,S,2.1199900971641834,0.44829838850172776
Metformin_ATGAGATCTTCA,G1,-0.6238424221304959,-0.9719241557104255
Metformin_TAGAGACATTTC,G1,-0.03568895206894984,-1.1008814666945168
Metformin_TATTAAGGTATA,G1,-0.4045936880185623,-1.2965674037210353
Metformin_GTAGCATACTGG,G1,-0.11475228006525562,-0.42122960613431637
Metformin_GTATCCCGCTTN,G1,-0.49083198843076237,-0.5351178400252682
Metformin_TAGCTCGGTTGC,G1,-0.7372612419424132,-0.6746645328120352
Metformin_CGAAGCCGCCAC,S,0.014367092635280354,-0.8517906286877351
Metformin_TACCGGCGGAGN,G1,-0.9587809074756711,-1.25467508229475
Metformin_TCCGTCCGCCAG,G1,-0.20719768553741214,-0.8040807167324264
Metformin_TAGCTTCCAGTT,S,2.028230172090752,1.5303142930827902
Metformin_GAAGACATTTAN,G1,-0.2227547200520834,-0.8745911855793275
Metformin_TTCCTCCCACAN,G1,-0.7146546959692193,-1.0405282322249607
Metformin_AAAGGTTTCATA,G1,-0.775420194522355,-0.9745199679112568
Metformin_TTTGTTGTAGTA,G1,-0.7324703577322554,-1.2420872841484387
Metformin_TTGGCCTCGCGC,S,0.06064031201739639,-0.5699640131718078
Metformin_CGCGGGCTAGTG,S,1.9109087992823401,-0.17192683189919933
Metformin_GAGGATGCGCTT,S,2.873135842020198,1.9112517662119664
Metformin_TTGAGCATCGGT,G2M,0.8356065688022349,1.5906135653752405
Metformin_AGACAATCTGGT,G2M,0.4952559336580973,3.547578703293321
Metformin_TTTAACTTCTGA,G1,-0.6478155878347943,-0.8470115983240989
Metformin_AAATACGATCGA,S,1.3555767301810804,-0.14055869209306415
Metformin_GCTTGCACTTGG,G1,-0.8071684750105983,-0.7623976658664349
Metformin_ACGCAATTTTTT,G1,-0.9035480434210725,-1.3985612059052899
Metformin_TGAGTTTCCCTN,G1,-0.6900785425467085,-0.9428196916283544
Metformin_TGGCTCCAGTTA,G1,-0.9946711861070737,-1.1034943497142438
Metformin_CTAACACATTAT,G1,-0.4923796844482422,-0.9802170426185371
Metformin_CCCACGTAGCAC,G1,-0.7674516562528388,-0.7546707294677443
Metformin_ACGCGTGGCTCC,G1,-0.09012175567390401,-1.081221268449777
Metformin_CAAACACCTGTA,S,0.22588673909505208,-0.9668761037268567
Metformin_TGAGAGATTCTA,G1,-1.2655029296875,-0.5659796968155646
Metformin_ATGCTCGCCAGC,S,2.495602218273074,1.9300676474537997
Metformin_GCCAGTACTGGA,G2M,-0.3154629327345264,2.992597305476817
Metformin_CATGTTGGCGGT,G1,-0.6041527711143789,-1.1222782903396007
Metformin_ATCGCCCCTTAA,G1,-0.44980719278025083,-0.5356237653686585
Metformin_CCGCCCGGCACG,G1,-0.9462032596085423,-0.9832163182890337
Metformin_CCAACGGCGCTC,G1,-0.7545631112978439,-1.0528081311957478
Metformin_CGCGCACTGGCC,S,1.9950776471278466,0.5855328357728307
Metformin_GACGCCCCGTGC,G2M,1.5862237383228865,1.9563542971820955
Metformin_ACATCTTTCTAA,G1,-0.37582748649656317,-0.7782429542262681
Metformin_TTGCGCCCTCGN,S,2.396201569313227,1.6103963454767047
Metformin_GCCATTCGCCAC,G1,-0.6753520699434503,-0.47834286194522013
Metformin_GTTATCTTTTCN,G1,-0.5614169761007146,-1.241118278548808
Metformin_CCACCTCCCCTT,S,0.8526334091304808,-0.5144904532684633
Metformin_GCTGGAGGAGCN,S,1.7138917860873912,0.937127693846743
Metformin_CGTCCTGGAATT,G1,-0.6499761489749878,-0.9855507677030588
Metformin_CGAGGTTACTAT,G1,-0.8344920922804249,-0.5915718969552264
Metformin_AGGAACCGCAAT,S,2.424284847762234,1.1873553799829089
Metformin_TAATCTTATTAN,G1,-0.7666947827597921,-0.8794817220145456
Metformin_CTACTGGCACCT,G2M,-0.8370132913515549,0.3830575253390829
Metformin_ACTGGTCTAGTA,G2M,1.0992280117301054,2.393272892447651
Metformin_TACCATCCTTGC,G2M,0.7030201851305113,1.9692448625267918
Metformin_ATAAAAGCTGTC,G2M,0.18660350001135528,2.1889078371423087
Metformin_CGCAACTTGTCN,G1,-0.5690694669974867,-1.0232478663606464
Metformin_TAAGATATATAC,S,1.4765398034384085,1.389319156307601
Metformin_CCTATCAGCCAC,G2M,-0.5068878274370533,1.1809805105398368
Metformin_ATAATGTGGCCA,G2M,0.3557873901840327,3.109186679101529
Metformin_ACTCCATTAAAT,S,0.4022291458484739,-0.2767308916179132
Metformin_TGGTCATAGGCG,G1,-0.3432607837056003,-0.9172026626921503
Metformin_CTCTCGTTTCCC,G1,-0.5759109272328458,-0.9628614562801535
Metformin_TATTTCCGGCTN,G2M,-0.7685404110694115,0.8553695899176186
Metformin_CCCTATTCCGGT,G2M,0.010509884856467977,3.089259158634884
Metformin_TCCTCCTGCTGC,G1,-0.801733047721922,-0.5783840525055062
Metformin_TAACCACAAAAT,G2M,-0.4102610766980075,3.680775986223546
Metformin_CAATTGTGGCTN,G1,-0.3209568621021833,-0.8555658518447371
Metformin_TCCGTGGCTTTN,G1,-1.0152338425688041,-1.0992850869564748
Metformin_CCGCTTACTAGG,S,2.124339230559593,0.07153482782421294
Metformin_CCTATATCTTGA,G1,-0.4540096957184546,-0.7503974876942004
Metformin_GCCGCTTTACGN,G1,-0.3762960224003755,-0.7449604260724922
Metformin_ACCGAGTCCGTN,G1,-0.7750625243667485,-0.7107092196451408
Metformin_TGTAGCCCTCGC,S,2.29374488298283,1.190087532174439
Metformin_CGGCACCTGATG,S,0.5246772943541063,-0.0906062573412334
Metformin_CGTTGACTGGCT,G1,-0.5783897600987162,-0.9884802514023874
Metformin_AAAGAAATTTGT,G1,-0.9353645061522492,-1.204382986133244
Metformin_CCCATTGTTTCN,G2M,1.3500051548684289,1.7758047816827551
Metformin_TACACTTGTAGN,S,1.8894546816330549,-0.290969149887653
Metformin_TTTGAGGATAGN,G1,-0.3711800431835559,-1.060112173419896
Metformin_GAATTAGCGAGC,G1,-0.5873710389839586,-1.1005673048793307
Metformin_TCTAACAAGATA,G1,-0.9852987114958061,-1.192988766040118
Metformin_CGCTCCTTACTN,G2M,-0.6811170752473579,1.0780755244852755
Metformin_GCATTCACTGCT,G2M,0.2752298659686896,3.2592863428821657
Metformin_TTGCGGAATTTT,G2M,1.0237403526601865,1.4287215654813126
Metformin_GAAGCATGTTGG,G1,-0.5644719193332879,-1.0932442018780277
Metformin_GTCGTATATGCN,G1,-0.5215088014824446,-1.069805667117889
Metformin_CGACAGGAATCT,S,2.1349895057382513,1.344585086576756
Metformin_TACTTCGATTCN,G1,-0.6174499878402829,-0.511765600422015
Metformin_CGATACAATGTN,G1,-0.8905603445777598,-0.5672781841012869
Metformin_GACCCAGGGAAA,G1,-0.684482202455979,-0.9587860793457861
Metformin_GGCCATTGCCCT,G1,-0.6988352463596551,-0.16914749340035962
Metformin_TATACATTGGCC,G1,-0.5537352652143138,-0.8487313420517638
Metformin_CCACCTTGAAGT,G1,-0.6942101636783097,-1.2748077046317996
Metformin_CGCGAGACCACC,G2M,0.25716185104015254,2.869272297222599
Metformin_GTCGTCCACATT,G2M,-0.6459390199646469,2.478249456524626
Metformin_GACGTGAGTGCN,S,1.8083922038706697,0.9238907903022511
Metformin_TAAAAGCAAACT,G2M,-0.4023844826868338,2.8753721048814516
Metformin_ACGCGTTGCTGT,G1,-0.7956549888433411,-0.542017201746724
Metformin_GGCACAGCGAGA,G1,-0.8807623073666594,-0.5359016383441961
Metformin_TATTTTACTGTG,G1,-0.5978375539853591,-1.0794465547594392
Metformin_TCTTAGGTCGAG,G2M,0.9710314799464028,1.6688620388842186
Metformin_AATCCTATCGTA,G2M,-0.8912526336196781,3.1975583463101773
Metformin_AGCACCACCGAG,G1,-0.4145007093562636,-0.8400887123119581
Metformin_CATTTGCGAATN,G1,-0.8559595726072327,-0.5124928665225976
Metformin_AAATATGTTCTG,G2M,1.5351942692246545,2.161579835623599
Metformin_AACAAAACCTCN,G1,-0.6819464572640352,-0.8963316320704297
Metformin_AGGTCTTGGCCG,G2M,-0.17557845477910017,3.4964009758487116
Metformin_CTAATCACTGGA,S,0.6144848774754725,-0.6742361310913149
Metformin_GACGATAACGCA,G1,-0.20524150168248845,-0.8549675846310592
Metformin_GCGACCTGCTCA,G1,-0.266831713535989,-0.502589463968778
Metformin_GCGAAGCCCTTG,S,2.187023566194283,1.1816984366949126
Metformin_CTACATCACGAC,G1,-0.9389942115961121,-1.0931912902178418
Metformin_GCGCTTGACATN,G1,-0.44057671716971003,-0.2786221596450196
Metformin_CCGCTATCCCCC,G1,-0.6928440525735071,-1.19761353122647
Metformin_TCGTTGATTGGA,G1,-0.41163598940353996,-0.6410232060218615
Metformin_GGAAATATCGGC,G1,-0.5355921865064043,-0.9141647980810124
Metformin_GTATATCCCGGA,G1,-0.5866957547683125,-0.6836047431755163
Metformin_ATCACTAATTTA,G2M,-0.4566190852675327,0.9592173341462222
Metformin_CTTATGAAACTT,G2M,1.3663523994859799,3.1815163873843995
Metformin_CCAGGATGCTGA,G2M,-0.41111754069956696,1.004770656898884
Metformin_CTCGGTGCTGCT,G1,-0.41000252952871397,-0.8847593375904187
Metformin_TACAAATCGCCA,G2M,1.398737239394077,1.4127140556775082
Metformin_CGCATCTCCTCN,G1,-0.7117636356797329,-1.2953315971539212
Metformin_GGCGCGCACAAN,G1,-1.067196044921875,-0.957083622168749
Metformin_AATCGAGCAGGC,S,2.470266598250515,0.6054747816698902
Metformin_GGTGCTTTCCGA,G2M,1.3352832338791487,1.5043009222232626
Metformin_CCCCCGACTCGT,S,1.070033512559048,0.4086657282731858
Metformin_CCGCAATTCGAT,S,0.06937615328056856,-1.0213842876018684
Metformin_GTTACATTGACN,S,0.9208944536549175,-0.21749594307626663
Metformin_CCCGTACGAACN,G2M,-0.3323671917582667,0.580134672521228
Metformin_CATATAGATAGA,S,1.5634376182851863,1.3699944033988294
Metformin_TGATCTTCGGTT,G2M,-0.47182948859163043,0.5965937156489203
Metformin_CTGCAGATAAAG,G1,-0.4605872007857921,-0.8371186456934805
Metformin_CCCGGATCCCTG,G1,-0.4782179697909096,-0.8056319251507089
Metformin_CACGCGCCTGGN,G2M,0.11032363773316378,0.7513330550698751
Metformin_GAGCTCGATAGA,G1,-0.5369470386357271,-0.7507768508104489
Metformin_AAAGTATAATCC,G1,-0.9327267290455425,-1.1617674773594118
Metformin_GGTTCGCATCCG,G1,-0.8404524538498517,-0.9956364494996798
Metformin_CATACGCGCTGA,G1,-0.8246379365847093,-0.7581753136976709
Metformin_ACGTAAATTGCN,G1,-0.11168540777162073,-0.5922110355733183
Metformin_TGTCATGCGCCN,G1,-0.8859249032190604,-0.8537337940403459
Metformin_GGAGGCGAACCA,G1,-0.6083405948609345,-1.3436833500152905
Metformin_CGTGAGGACGAG,G1,-1.2661346576010533,-1.2075656803979893
Metformin_CGATAGGGCGCT,S,2.3826771297011264,0.34528550727217855
Metformin_CTTGATTCGTGT,G1,-0.41452975014383475,-0.6812383109324038
Metformin_CATGAGTTAGGG,G2M,1.2603552388035972,2.4670169314822634
Metformin_GTCCCTGTCGAN,G1,-0.5181668977959212,-0.959340980007153
Metformin_AATACGATTTAG,G1,-1.1098990725731663,-1.229631024065136
Metformin_TACATCGCGACN,G1,-0.9122237141927083,-1.033980117945693
Metformin_GTCCCTCTAGGT,G1,-0.577799405829851,-0.9032191966314735
Metformin_CCGTAGGCAGTC,G1,-0.40552833202273353,-0.9187679533931687
Metformin_CGATTGATCGCT,G1,-0.6942018109698629,-0.8739648681827371
Metformin_ATCAATTCTGGA,G1,-0.3949830319899921,-0.9910476689757729
Metformin_ACTTTTCCGGCN,G1,-0.48782515237497737,-1.2183806202635763
Metformin_AACTTCAGCCCN,S,2.295782733296239,1.9785914110971232
Metformin_AAGGATACACTC,S,0.3048899439138959,-0.11412391928452825
Metformin_AGCCGAAATGTC,S,1.911942058237948,1.7882077505165836
Metformin_GACATCTAGCTC,S,1.9339254098345144,0.5347404167438554
Metformin_AAGATTTTCGGA,G1,-1.1841285196940103,-1.0358780327407393
Metformin_GCGGATCATCAC,G1,-0.3023151995045271,-0.6459702062015121
Metformin_ATGCTCGGTGAG,G2M,0.3243631028759386,2.447830347517974
Metformin_GACAAAATATTT,G1,-0.6047489107117172,-1.1292702229558338
Metformin_CTTACTCAGACA,G1,-1.0240438588460286,-0.6394709359985538
Metformin_GGATCGGCCTTG,G2M,0.4630740569358649,2.7069345612033944
Metformin_GTTTAACCGGGA,S,1.5984457681345388,0.6557581319100556
Metformin_TGCACCAGTCGG,G1,-0.6148272841106089,-1.165628412802082
Metformin_CTTACCCGGCTC,G1,-0.8355943688680959,-0.37880050786271413
Metformin_ATTGCCGTACGA,G1,-0.8228391839552294,-1.042309058444062
Metformin_ATCTTTTTGAAT,S,1.8383999515503877,0.7304905361167107
Metformin_AATCATCCCCAT,G1,-0.7148436843517215,-1.2764467406349889
Metformin_GACGGGCAATAT,G1,-0.7074251775224081,-1.0906143065275393
Metformin_TACGTCACCCCC,G2M,0.29894493162169944,1.1458767354194554
Metformin_CCGGATCGCCGG,G1,-0.2848538941375969,-0.6280033929238974
Metformin_GGGCCCTTTCTA,G1,-0.5148051913948946,-0.799541552107735
Metformin_CCTATCCGATCT,G1,-0.5315671568877938,-0.4514325943524875
Metformin_TTTTTCTTGGAT,S,2.3779650807935138,0.4711494177351916
Metformin_CGTGTGCGCCCN,G1,-0.6971427219597868,-0.9782829270402569
Metformin_AAGGAGTGGCCC,G1,-0.4607386969041455,-0.998842559832609
Metformin_AGCTTCCATGAC,G1,-0.6164948952844901,-0.9598882718291307
Metformin_GCGGTGGTGGCN,S,0.7037525573257328,-0.17791763505379632
Metformin_GCATAGTACCCC,G1,-0.5715708887854287,-1.060407338133479
Metformin_TTTCCGCGCTTG,G1,-0.912963972165603,-0.8518886276315148
Metformin_AGGGTATAAAGA,S,2.1091717884152437,0.8572926367137703
Metformin_GGACACAAGAGT,G2M,0.2572767532703488,3.4182466067648574
Metformin_ATCTCGAAGCGT,G1,-0.4767832083295481,-0.5301849074738986
Metformin_CGTTTTCCCCAG,G1,-0.7911247164704078,-0.5874899032102563
Metformin_CGGCGAGTGTTT,S,2.6580186840914943,1.368534839402529
Metformin_GCTCATCCCGAG,G1,-0.6901558442818101,-0.7619111445775633
Metformin_AGAATCTAATGC,S,0.22607506567193547,-1.139541195680267
Metformin_AGAGCTAGGACN,G2M,0.533401503452035,2.5575392984237553
Metformin_CTACCTGACGGA,G1,-0.7881632837399032,-1.1102586375639671
Metformin_ATTGAGAGACGG,G1,-0.8121746323459833,-1.0335367077288122
Metformin_GGCAACGTGGCT,G1,-0.5973811925843704,-0.7096283685222847
Metformin_ATATGAAGCACA,G1,-0.8233907528071441,-0.7758107352820096
Metformin_AGGAATGAACTG,G1,-1.0683056640625,-1.0760542483591575
Metformin_GGTCCAACATGC,G1,-0.6640825564362283,-1.2006461603066436
Metformin_GACTCTGTGCAT,G2M,1.521542379689771,2.6348928209998954
Metformin_TGGAACTGTGGG,G1,-0.8806222031467645,-1.1700315860305415
Metformin_CGTCGATTACGC,G1,-0.5705876023640004,-0.8430698414876634
Metformin_CGCGGCAAAGGA,G1,-0.4450102683370427,-0.6787816806490398
Metformin_ATAAGCAGGCAT,S,1.3605503644130028,-0.7418428181426654
Metformin_AAAGATTTGATA,G1,-0.819218191546063,-0.9544027542796403
Metformin_ACCCCCCATCTT,S,1.7863144086497698,0.6394679659425695
Metformin_TTGGCAAACTGA,G2M,1.4329439739848293,1.5204181158236656
Metformin_ACTACAGCTCCT,G1,-0.21571994042211728,-0.07575141949534481
Metformin_GTGGGTCATGCG,G2M,-0.6769995270958241,0.9687695518959223
Metformin_CCGGCAGTGGGA,S,1.5213093247524525,0.38208769844155044
Metformin_AAGGACATATCA,G1,-0.17676922820335217,-1.1026165271157942
Metformin_CGCAGCCTACGC,S,1.5876627675137778,0.11964330003716683
Metformin_CGAATTCTTCCG,S,0.5664942589101866,-0.19717758492549708
Metformin_CGCCTGTGCTAT,G2M,0.029009734161140388,1.0602630480361517
Metformin_GCTGCTCGGATG,G1,-0.34507584268732594,-1.127311189033214
Metformin_GACCACTTAACT,G2M,0.9844508420959,1.025571694926058
Metformin_CGGTAGGCGTAT,G1,-0.6839756745331047,-0.7306804087014906
Metformin_GGCCCGTATGCG,G2M,0.041025946565376725,2.579481092651097
